0827229534	"Patterns of Preaching: A Sermon Sampler"	Book
0738700797	"Candlemas: Feast of Flames"	Book
0486287785	"World War II Allied Fighter Planes Trading Cards"	Book
0842328327	"Life Application Bible Commentary: 1 and 2 Timothy and Titus"	Book
1577943082	"Prayers That Avail Much for Business: Executive"	Book
0486220125	"How the Other Half Lives: Studies Among the Tenements of New York"	Book
B00000AU3R	"Batik"	Music
0231118597	"Losing Matt Shepard"	Book
1859677800	"Making Bread: The Taste of Traditional Home-Baking"	Book
0375709363	"The Edward Said Reader"	Book
0871318237	"Resetting the Clock : Five Anti-Aging Hormones That Improve and Extend Life"	Book
1590770218	"Fantastic Food with Splenda : 160 Great Recipes for Meals Low in Sugar, Carbohydrates, Fat, and Calories"	Book
0313230269	"Clockwork Worlds : Mechanized Environments in SF (Contributions to the Study of Science Fiction and Fantasy)"	Book
B00004W1W1	"Later..."	Music
1559362022	"Wake Up and Smell the Coffee"	Book
0195110382	"War at Sea: A Naval History of World War II"	Book
0849311012	"Telecommunications Cost Management"	Book
B000007R0T	"Sol to Soul"	Music
078510870X	"Ultimate Marvel Team-Up"	Book
3895780812	"Computed Tomography : Fundamentals, System Technology, Image Quality, Applications"	Book
0790747324	"The Time Machine"	DVD
B00005NTSV	"Come What May"	Music
0393049388	"Strange Fire: A Novel"	Book
0553525476	"The Casebook of Sherlock Holmes, Volume 2 (Casebook of Sherlock Holmes)"	Book
0939165252	"Jailed for Freedom: American Women Win the Vote"	Book
1590930509	"Chicken Little"	Book
0231096704	"The Columbia Anthology of Gay Literature"	Book
1893732290	"God Knows Marriage Isn't Always Easy: 12 Ways to Add Zest (God Knows)"	Book
0781718791	"Advanced Pediatric Clinical Assessment: Skills and Procedures"	Book
0471150274	"Solving Statics Problems with MathCAD"	Book
0895872218	"Backroad Buffets & Country Cafes: A Southern Guide to Meat-And-Threes & Down-Home Dining"	Book
0761116982	"Staff Meals from Chanterelle"	Book
0439240751	"Double Jeopardy (T*Witches, 6)"	Book
B000002O8D	"Southern By the Grace of God: Lynyrd Skynyrd Tribute Tour, Vol. 1"	Music
0618111212	"Burnt Toast on Davenport Street"	Book
1898630038	"Uists & Barra (Pevensey Island guides)"	Book
B000056PNC	"Mark Messier - Leader, Champion & Legend"	DVD
0787950599	"Resolving Conflicts At Work : A Complete Guide for Everyone on the Job"	Book
0312199406	"Night of Many Dreams : A Novel"	Book
1573221740	"Renovations: A Father and Son Rebuild a House and Rediscover Each Other"	Book
0130132543	"Workbook: The Long-Term Care Nursing Assistant"	Book
B000056PNB	"Pixote"	DVD
0486268780	"Selected Poems (Dover Thrift Editions)"	Book
B000056PNE	"The NBA's 100 Greatest Plays"	DVD
1861007418	"Beginning ASP.NET Databases using C#"	Book
0826449379	"Alternative Worlds in Fantasy Fiction (Contemporary Classics of Children's Literature)"	Book
0590568833	"How to Kill a Monster (Goosebumps)"	Book
0439420717	"Scooby-doo Mysteries #24 (Scooby-Doo Mysteries)"	Book
B00004W1WI	"Murder She Wrote"	Music
B00004W1WK	"Still Life"	Music
0687054532	"Out on the Edge: A Wake-Up Call for Church Leaders on the Edge of the Media Reformation"	Book
0875420532	"Secrets of Gypsy Love Magick (Llewellyn's New Age Series)"	Book
0944708498	"Baby Boomer Retirement: 65 Simple Ways to Protect Your Future"	Book
0613100093	"Betsy & Tacy Go over the Big Hill (Betsy and Tacy Books)"	Book
0486275035	"Goldilocks and the Three Bears : Full-Color Picture Book (Dover Little Activity Books)"	Book
1550416243	"Three Bricks Shy of a Load: A Collection of True Stories About Ordinary People Doing Really Dumb Stuff!"	Book
0398068917	"Investigating Computer Crime: A Primer for Security Managers"	Book
087842461X	"Raptors of the Rockies: Biology of the Birds of Prey and Species Accounts of the Raptors of the Rockies"	Book
6303360041	"None But the Lonely Heart"	Video
0393971694	"Renaissance Music: Music in Western Europe, 1400-1600 (Norton Introduction to Music History)"	Book
1550373080	"Hermanos (Hablemos)"	Book
0026879077	"Scoring High on the Stanford Achievement Test"	Book
0966723821	"Historia De Cancer De Una Dietista : Informacion & Inspiracion para la Recuperacion & Curacion Sobreviviente de tres canceres"	Book
0689846088	"A Charlie Brown Christmas"	Book
0273651870	"Economics for Business"	Book
0393037622	"Blood and Guts: A Short History of Medicine"	Book
1571515429	"Picture Me With My Friend Jesus: Girl Version (Picture Me)"	Book
0810114275	"Experiencing and the Creation of Meaning: A Philosophical and Psychological Approach to the Subjective (Studies in Phenomenology and Existential Philosophy)"	Book
0415925398	"Negotiated Empires: Centers and Peripheries in the New World, 1500-1820"	Book
0415223954	"Geographies of Young People: The Morally Contested Spaces of Identity (Critical Geographies)"	Book
B0000060T5	"Jonny Quest - Bandit in Adventures Best Friend"	Video
157281196X	"Power of Flowers: An Archetypal Journey Through Nature"	Book
0375803394	"The Perfect Plan (7th Heaven)"	Book
0113300174	"Service Delivery (It Infrastructure Library Series)"	Book
0786863919	"Disney A to Z : The Updated Official Encyclopedia (Disney a to Z)"	Book
1581150040	"The Writer's Legal Guide (2nd ed)"	Book
0312982178	"Water Touching Stone"	Book
0874850037	"The Ebony Cookbook: A Date With a Dish"	Book
0811726371	"Today's Military Wife: Meeting the Challenges of Service Life (Today's Military Wife)"	Book
1884997015	"In Quest of God: The Saga of an Extraordinary Pilgrimage"	Book
6304286961	"The Doors"	Video
0140430407	"Puddnhead Wilson : And, Those Extraordinary Twins (The Penguin English Library)"	Book
059516630X	"A Candle for Bobby"	Book
B000063W82	"The Best of Schoolhouse Rock! - 30th Anniversary Edition"	Video
0912500476	"Amamantar Sencillo y Puro"	Book
0807205249	"Junie B. Jones Collection: Books 9-12"	Book
0415157528	"Colloquial Polish: The Complete Course for Beginners (Colloquial Series (Book Only))"	Book
039802278X	"Normal and Abnormal Development: The Influence of Primitive Reflexes on Motor Development"	Book
B00005ARCQ	"Desde Que Samba E Samba"	Music
0671727737	"The Eagle Has Landed"	Book
1566913810	"Foghorn Outdoors: New England Hiking 3 Ed: The Complete Guide to More than 380 Hikes"	Book
037575380X	"Black No More : A Novel (Modern Library (Paperback))"	Book
0965740056	"BizPricerÂ¿ Business Valuation Manual w/Software"	Book
039572774X	"The American Heritage Dictionary of Idioms"	Book
0887402631	"The Heavy Flak Guns, 1933-1945: 88Mm, 105Mm, 128Mm, 150Mm, and Ballistic Directional Equipment"	Book
0310485002	"Becoming a Contagious Christian"	Book
042515517X	"Year of the Tiger"	Book
B0000646IJ	"Brahms: Violin Concerto; Double Concerto"	Music
0071402306	"An Employee's Guide to Stock Options"	Book
0787958743	"Guide to Effective Staff Development in Health Care Organizations : A Systems Approach to Successful Training (J-B AHA Press)"	Book
