0827229534,Patterns of Preaching: A Sermon Sampler,Book,396585
0738700797,Candlemas: Feast of Flames,Book,168596
0486287785,World War II Allied Fighter Planes Trading Cards,Book,1270652
0842328327,Life Application Bible Commentary: 1 and 2 Timothy and Titus,Book,631289
1577943082,Prayers That Avail Much for Business: Executive,Book,455160
0486220125,How the Other Half Lives: Studies Among the Tenements of New York,Book,188784
B00000AU3R,Batik,Music,5392
0231118597,Losing Matt Shepard,Book,277409
1859677800,Making Bread: The Taste of Traditional Home-Baking,Book,949166
0375709363,The Edward Said Reader,Book,220379
